<?xml version="1.0" encoding="iso-8859-1"?><SUF70UninstallData>
<DataFilePath>C:\TD-H3_IAP\Uninstall\uninstall.dat</DataFilePath>
<CPRegKey>SOFTWARE\Microsoft\Windows\CurrentVersion\Uninstall\TD-H3_IAP1.0</CPRegKey>
<EXELocation>C:\TD-H3_IAP\uninstall.exe</EXELocation>
<AppShortcutFolderPath>C:\Users\GabrielVazquez\AppData\Roaming\Microsoft\Windows\Start Menu\Programs\TD-H3_IAP</AppShortcutFolderPath>
<UninstallReverseOrder>1</UninstallReverseOrder>
<UninstallFiles>
<File>
<Filename>C:\TD-H3_IAP\config.ini</Filename>
<DecrementUsageCount>0</DecrementUsageCount>
<UnregisterCOM>0</UnregisterCOM>
<UnregisterFont>0</UnregisterFont>
<FontDesc/>
<BackupFile/>
</File>
<File>
<Filename>C:\TD-H3_IAP\mshflxgd.ocx</Filename>
<DecrementUsageCount>0</DecrementUsageCount>
<UnregisterCOM>0</UnregisterCOM>
<UnregisterFont>0</UnregisterFont>
<FontDesc/>
<BackupFile/>
</File>
<File>
<Filename>C:\TD-H3_IAP\err.bat</Filename>
<DecrementUsageCount>0</DecrementUsageCount>
<UnregisterCOM>0</UnregisterCOM>
<UnregisterFont>0</UnregisterFont>
<FontDesc/>
<BackupFile/>
</File>
<File>
<Filename>C:\TD-H3_IAP\TD-H3_IAP.exe</Filename>
<DecrementUsageCount>0</DecrementUsageCount>
<UnregisterCOM>0</UnregisterCOM>
<UnregisterFont>0</UnregisterFont>
<FontDesc/>
<BackupFile/>
</File>
</UninstallFiles>
<UninstallShortcuts>
<Filename>C:\Users\GabrielVazquez\AppData\Roaming\Microsoft\Windows\Start Menu\Programs\TD-H3_IAP\err.lnk</Filename>
<Filename>C:\Users\GabrielVazquez\Desktop\TD-H3_IAP.lnk</Filename>
<Filename>C:\Users\GabrielVazquez\AppData\Roaming\Microsoft\Windows\Start Menu\Programs\TD-H3_IAP\TD-H3_IAP.lnk</Filename>
<Filename>C:\Users\GabrielVazquez\AppData\Roaming\Microsoft\Windows\Start Menu\Programs\TD-H3_IAP\Uninstall TD-H3_IAP.lnk</Filename>
</UninstallShortcuts>
<UninstallSupportFiles>
<Filename>C:\TD-H3_IAP\Uninstall\IRIMG1.JPG</Filename>
<Filename>C:\TD-H3_IAP\Uninstall\IRIMG2.JPG</Filename>
</UninstallSupportFiles>
<UninstallFolders>
<FolderPath>C:\TD-H3_IAP</FolderPath>
<FolderPath>C:\TD-H3_IAP\Uninstall</FolderPath>
<FolderPath>C:\Users\GabrielVazquez\AppData\Roaming\Microsoft\Windows\Start Menu\Programs\TD-H3_IAP</FolderPath>
</UninstallFolders>
<SessionVars>
<Var>
<Name>%ProductName%</Name>
<Value>TD-H3_IAP</Value>
</Var>
<Var>
<Name>%CompanyName%</Name>
<Value>TD-H3_IAP</Value>
</Var>
<Var>
<Name>%ProductVer%</Name>
<Value>1.0</Value>
</Var>
<Var>
<Name>%Copyright%</Name>
<Value>Copyright ?2011 %CompanyName%</Value>
</Var>
<Var>
<Name>%CompanyURL%</Name>
<Value/>
</Var>
<Var>
<Name>%WindowTitle%</Name>
<Value>%ProductName% Setup</Value>
</Var>
<Var>
<Name>%WindowTitleUninstall%</Name>
<Value>%ProductName% Uninstaller</Value>
</Var>
<Var>
<Name>%AppFolder%</Name>
<Value>C:\TD-H3_IAP</Value>
</Var>
<Var>
<Name>%AppShortcutFolderName%</Name>
<Value>TD-H3_IAP</Value>
</Var>
<Var>
<Name>%ApplicationDataFolder%</Name>
<Value>C:\Users\GabrielVazquez\AppData\Roaming</Value>
</Var>
<Var>
<Name>%ApplicationDataFolderCommon%</Name>
<Value>C:\ProgramData</Value>
</Var>
<Var>
<Name>%DesktopFolder%</Name>
<Value>C:\Users\GabrielVazquez\Desktop</Value>
</Var>
<Var>
<Name>%DesktopFolderCommon%</Name>
<Value>C:\Users\Public\Desktop</Value>
</Var>
<Var>
<Name>%FontsFolder%</Name>
<Value>C:\Windows\Fonts</Value>
</Var>
<Var>
<Name>%MyDocumentsFolder%</Name>
<Value>C:\Users\GabrielVazquez\Documents</Value>
</Var>
<Var>
<Name>%StartFolder%</Name>
<Value>C:\Users\GabrielVazquez\AppData\Roaming\Microsoft\Windows\Start Menu</Value>
</Var>
<Var>
<Name>%StartFolderCommon%</Name>
<Value>C:\ProgramData\Microsoft\Windows\Start Menu</Value>
</Var>
<Var>
<Name>%StartProgramsFolder%</Name>
<Value>C:\Users\GabrielVazquez\AppData\Roaming\Microsoft\Windows\Start Menu\Programs</Value>
</Var>
<Var>
<Name>%StartProgramsFolderCommon%</Name>
<Value>C:\ProgramData\Microsoft\Windows\Start Menu\Programs</Value>
</Var>
<Var>
<Name>%StartupFolder%</Name>
<Value>C:\Users\GabrielVazquez\AppData\Roaming\Microsoft\Windows\Start Menu\Programs\Startup</Value>
</Var>
<Var>
<Name>%StartupFolderCommon%</Name>
<Value>C:\ProgramData\Microsoft\Windows\Start Menu\Programs\Startup</Value>
</Var>
<Var>
<Name>%CommonDocumentsFolder%</Name>
<Value>C:\Users\Public\Documents</Value>
</Var>
<Var>
<Name>%MyMusicFolder%</Name>
<Value>C:\Users\GabrielVazquez\Music</Value>
</Var>
<Var>
<Name>%MyMusicFolderCommon%</Name>
<Value>C:\Users\Public\Music</Value>
</Var>
<Var>
<Name>%MyPicturesFolder%</Name>
<Value>C:\Users\GabrielVazquez\Pictures</Value>
</Var>
<Var>
<Name>%MyPicturesFolderCommon%</Name>
<Value>C:\Users\Public\Pictures</Value>
</Var>
<Var>
<Name>%MyVideosFolder%</Name>
<Value>C:\Users\GabrielVazquez\Videos</Value>
</Var>
<Var>
<Name>%MyVideosFolderCommon%</Name>
<Value>C:\Users\Public\Videos</Value>
</Var>
<Var>
<Name>%ProgramFilesFolder64%</Name>
<Value>C:\Program Files</Value>
</Var>
<Var>
<Name>%CommonFilesFolder64%</Name>
<Value>C:\Program Files\Common Files</Value>
</Var>
<Var>
<Name>%ProgramFilesFolder%</Name>
<Value>C:\Program Files (x86)</Value>
</Var>
<Var>
<Name>%CommonFilesFolder%</Name>
<Value>C:\Program Files (x86)\Common Files</Value>
</Var>
<Var>
<Name>%SystemFolder%</Name>
<Value>C:\Windows\system32</Value>
</Var>
<Var>
<Name>%WindowsFolder%</Name>
<Value>C:\Windows</Value>
</Var>
<Var>
<Name>%SystemDrive%</Name>
<Value>C:</Value>
</Var>
<Var>
<Name>%TempFolder%</Name>
<Value>C:\Users\GABRIE~1\AppData\Local\Temp</Value>
</Var>
<Var>
<Name>%TempLaunchFolder%</Name>
<Value>C:\Users\GABRIE~1\AppData\Local\Temp\_ir_sf_temp_0</Value>
</Var>
<Var>
<Name>%RegOwner%</Name>
<Value>Windows User</Value>
</Var>
<Var>
<Name>%RegOrganization%</Name>
<Value/>
</Var>
<Var>
<Name>%AppDrive%</Name>
<Value>C:</Value>
</Var>
<Var>
<Name>%DAOPath%</Name>
<Value>C:\Program Files (x86)\Common Files\Microsoft Shared\DAO</Value>
</Var>
<Var>
<Name>%LaunchUserApplicationDataFolder%</Name>
<Value>C:\Users\GabrielVazquez\AppData\Roaming</Value>
</Var>
<Var>
<Name>%LaunchUserDesktopFolder%</Name>
<Value>C:\Users\GabrielVazquez\Desktop</Value>
</Var>
<Var>
<Name>%LaunchUserMyDocumentsFolder%</Name>
<Value>C:\Users\GabrielVazquez\Documents</Value>
</Var>
<Var>
<Name>%LaunchUserStartProgramsFolder%</Name>
<Value>C:\Users\GabrielVazquez\AppData\Roaming\Microsoft\Windows\Start Menu\Programs</Value>
</Var>
<Var>
<Name>%LaunchUserStartFolder%</Name>
<Value>C:\Users\GabrielVazquez\AppData\Roaming\Microsoft\Windows\Start Menu</Value>
</Var>
<Var>
<Name>%LaunchUserStartupFolder%</Name>
<Value>C:\Users\GabrielVazquez\AppData\Roaming\Microsoft\Windows\Start Menu\Programs\Startup</Value>
</Var>
<Var>
<Name>%LaunchUserMyMusicFolder%</Name>
<Value>C:\Users\GabrielVazquez\Music</Value>
</Var>
<Var>
<Name>%LaunchUserMyPicturesFolder%</Name>
<Value>C:\Users\GabrielVazquez\Pictures</Value>
</Var>
<Var>
<Name>%LaunchUserMyVideosFolder%</Name>
<Value>C:\Users\GabrielVazquez\Videos</Value>
</Var>
<Var>
<Name>%SourceFilename%</Name>
<Value>H:\My Drive\Radioaficion\TidRadio\TD-H3unlock\1.H3 Firmware Upgrade\TD-H3_IAP_setup240305.exe</Value>
</Var>
<Var>
<Name>%SourceFolder%</Name>
<Value>H:\My Drive\Radioaficion\TidRadio\TD-H3unlock\1.H3 Firmware Upgrade</Value>
</Var>
<Var>
<Name>%SourceDrive%</Name>
<Value>H:</Value>
</Var>
<Var>
<Name>%UserName%</Name>
<Value>Windows User</Value>
</Var>
<Var>
<Name>%UserCompany%</Name>
<Value/>
</Var>
<Var>
<Name>%SpaceAvailable%</Name>
<Value>396.88 GB</Value>
</Var>
<Var>
<Name>%SpaceRequired%</Name>
<Value>1.36 MB</Value>
</Var>
</SessionVars>
</SUF70UninstallData>
